{
  "schemaVersion": 1,
  "id": "vineboom",
  "version": "${version}",

  "name": "Vine Boom",
  "description": "Vine boom item",
  "authors": [
    "PigmanBruh"
  ],
  "contact": {
    "homepage": "",
    "sources": ""
  },

  "license": "CC0-1.0",
  "icon": "assets/modid/icon.png",

  "environment": "*",
  "entrypoints": {
    "main": [
      "net.pigmanbruh.vineboom.Main"
    ],
    "client": [
      "net.pigmanbruh.vineboom.MainClient"
    ]
  },
  "mixins": [
    "vineboom.mixins.json"
  ],

  "depends": {
    "fabricloader": ">=0.14.11",
    "fabric-api": "*",
    "minecraft": "~1.19.3",
    "java": ">=17"
  },
  "suggests": {
    "another-mod": "*"
  }
}
